test_date,symbol,option_type,strike,score_pct,entry_time_ist,exit_time_ist,entry_ltp,exit_ltp,trailing_sl,pnl_pct,outcome,exit_reason,monitor_log,trade_book,pnl_pts,pnl_inr
17-07-2025,NIFTY 17 JUL 25 25050 PE,PE,25050.0,90.0,10:31:00 IST,10:43:00 IST,176.75,176.4,156.75,-0.2,Failure,TIME_DECAY,[],"[{'date': '2025-07-17', 'trade id': '2025-07-17_451', 'time ist': '10:31:00 IST', 'event': 'BUY PE', 'symbol': 'NIFTY 17 JUL 25 25050 PE', 'option_type': 'PE', 'price': 176.75, 'trailing_sl': 156.75, 'rsi': 21.6, 'oi': 1919925, 'outcome': ''}, {'date': '2025-07-17', 'trade id': '2025-07-17_451', 'time ist': '10:43:00 IST', 'event': 'SELL', 'symbol': 'NIFTY 17 JUL 25 25050 PE', 'option_type': 'PE', 'price': 176.4, 'trailing_sl': 156.75, 'rsi': 35.1, 'oi': 1863000, 'outcome': 'Failure'}]",-0.35,-26.25
31-07-2025,NIFTY 31 JUL 25 24850 PE,PE,24850.0,85.0,09:17:00 IST,09:19:00 IST,82.21,142.21,62.21,72.98,Success,target_hit,[],"[{'date': '2025-07-31', 'trade id': '2025-07-31_378', 'time ist': '09:17:00 IST', 'event': 'BUY PE', 'symbol': 'NIFTY 31 JUL 25 24850 PE', 'option_type': 'PE', 'price': 82.21, 'trailing_sl': 62.21, 'rsi': 22.8, 'oi': 4108725, 'outcome': ''}, {'date': '2025-07-31', 'trade id': '2025-07-31_378', 'time ist': '09:19:00 IST', 'event': 'SELL', 'symbol': 'NIFTY 31 JUL 25 24850 PE', 'option_type': 'PE', 'price': 142.21, 'trailing_sl': 62.21, 'rsi': 30.2, 'oi': 979350, 'outcome': 'Success'}]",60.0,4500.0
10-07-2025,NIFTY 10 JUL 25 25350 PE,PE,25350.0,90.0,10:22:00 IST,11:05:00 IST,166.8,226.8,210.0,35.97,Success,target_hit,[],"[{'date': '2025-07-10', 'trade id': '2025-07-10_442', 'time ist': '10:22:00 IST', 'event': 'BUY PE', 'symbol': 'NIFTY 10 JUL 25 25350 PE', 'option_type': 'PE', 'price': 166.8, 'trailing_sl': 146.8, 'rsi': 26.1, 'oi': 2069925, 'outcome': ''}, {'date': '2025-07-10', 'trade id': '2025-07-10_442', 'time ist': '11:05:00 IST', 'event': 'SELL', 'symbol': 'NIFTY 10 JUL 25 25350 PE', 'option_type': 'PE', 'price': 226.8, 'trailing_sl': 210.0, 'rsi': 21.6, 'oi': 1181400, 'outcome': 'Success'}]",60.0,4500.0
18-07-2025,NIFTY 18 JUL 25 25050 PE,PE,25050.0,90.0,10:31:00 IST,10:43:00 IST,176.75,176.4,156.75,-0.2,Failure,TIME_DECAY,[],"[{'date': '2025-07-18', 'trade id': '2025-07-18_76', 'time ist': '10:31:00 IST', 'event': 'BUY PE', 'symbol': 'NIFTY 18 JUL 25 25050 PE', 'option_type': 'PE', 'price': 176.75, 'trailing_sl': 156.75, 'rsi': 21.5, 'oi': 1919925, 'outcome': ''}, {'date': '2025-07-18', 'trade id': '2025-07-18_76', 'time ist': '10:43:00 IST', 'event': 'SELL', 'symbol': 'NIFTY 18 JUL 25 25050 PE', 'option_type': 'PE', 'price': 176.4, 'trailing_sl': 156.75, 'rsi': 35.1, 'oi': 1863000, 'outcome': 'Failure'}]",-0.35,-26.25
11-07-2025,NIFTY 11 JUL 25 25350 PE,PE,25350.0,90.0,10:22:00 IST,11:05:00 IST,166.8,226.8,210.0,35.97,Success,target_hit,[],"[{'date': '2025-07-11', 'trade id': '2025-07-11_67', 'time ist': '10:22:00 IST', 'event': 'BUY PE', 'symbol': 'NIFTY 11 JUL 25 25350 PE', 'option_type': 'PE', 'price': 166.8, 'trailing_sl': 146.8, 'rsi': 27.0, 'oi': 2069925, 'outcome': ''}, {'date': '2025-07-11', 'trade id': '2025-07-11_67', 'time ist': '11:05:00 IST', 'event': 'SELL', 'symbol': 'NIFTY 11 JUL 25 25350 PE', 'option_type': 'PE', 'price': 226.8, 'trailing_sl': 210.0, 'rsi': 21.6, 'oi': 1181400, 'outcome': 'Success'}]",60.0,4500.0
02-07-2025,NIFTY 2 JUL 25 25650 PE,PE,25650.0,100.0,09:51:00 IST,11:50:00 IST,137.56,176.7,176.7,28.45,Success,stop_loss_hit,[],"[{'date': '2025-07-02', 'trade id': '2025-07-02_36', 'time ist': '09:51:00 IST', 'event': 'BUY PE', 'symbol': 'NIFTY 2 JUL 25 25650 PE', 'option_type': 'PE', 'price': 137.56, 'trailing_sl': 117.56, 'rsi': 47.9, 'oi': 2700300, 'outcome': ''}, {'date': '2025-07-02', 'trade id': '2025-07-02_36', 'time ist': '11:50:00 IST', 'event': 'SELL', 'symbol': 'NIFTY 2 JUL 25 25650 PE', 'option_type': 'PE', 'price': 176.7, 'trailing_sl': 176.7, 'rsi': 65.0, 'oi': 1612350, 'outcome': 'Success'}]",39.14,2935.5
03-07-2025,NIFTY 3 JUL 25 25650 PE,PE,25650.0,90.0,11:33:00 IST,12:25:00 IST,124.08,159.15,159.15,28.26,Success,stop_loss_hit,[],"[{'date': '2025-07-03', 'trade id': '2025-07-03_138', 'time ist': '11:33:00 IST', 'event': 'BUY PE', 'symbol': 'NIFTY 3 JUL 25 25650 PE', 'option_type': 'PE', 'price': 124.08, 'trailing_sl': 104.08, 'rsi': 39.8, 'oi': 1930050, 'outcome': ''}, {'date': '2025-07-03', 'trade id': '2025-07-03_138', 'time ist': '12:25:00 IST', 'event': 'SELL', 'symbol': 'NIFTY 3 JUL 25 25650 PE', 'option_type': 'PE', 'price': 159.15, 'trailing_sl': 159.15, 'rsi': 50.6, 'oi': 1318500, 'outcome': 'Success'}]",35.07,2630.25
16-07-2025,NIFTY 16 JUL 25 25250 PE,PE,25250.0,90.0,10:20:00 IST,10:32:00 IST,126.0,125.5,106.0,-0.4,Failure,TIME_DECAY,[],"[{'date': '2025-07-16', 'trade id': '2025-07-16_65', 'time ist': '10:20:00 IST', 'event': 'BUY PE', 'symbol': 'NIFTY 16 JUL 25 25250 PE', 'option_type': 'PE', 'price': 126.0, 'trailing_sl': 106.0, 'rsi': 45.4, 'oi': 3019425, 'outcome': ''}, {'date': '2025-07-16', 'trade id': '2025-07-16_65', 'time ist': '10:32:00 IST', 'event': 'SELL', 'symbol': 'NIFTY 16 JUL 25 25250 PE', 'option_type': 'PE', 'price': 125.5, 'trailing_sl': 106.0, 'rsi': 55.1, 'oi': 3065400, 'outcome': 'Failure'}]",-0.5,-37.5
08-07-2025,NIFTY 8 JUL 25 25550 PE,PE,25550.0,100.0,10:09:00 IST,10:21:00 IST,149.03,147.95,129.03,-0.72,Failure,TIME_DECAY,[],"[{'date': '2025-07-08', 'trade id': '2025-07-08_54', 'time ist': '10:09:00 IST', 'event': 'BUY PE', 'symbol': 'NIFTY 8 JUL 25 25550 PE', 'option_type': 'PE', 'price': 149.03, 'trailing_sl': 129.03, 'rsi': 40.9, 'oi': 1858050, 'outcome': ''}, {'date': '2025-07-08', 'trade id': '2025-07-08_54', 'time ist': '10:21:00 IST', 'event': 'SELL', 'symbol': 'NIFTY 8 JUL 25 25550 PE', 'option_type': 'PE', 'price': 147.95, 'trailing_sl': 129.03, 'rsi': 53.4, 'oi': 1813650, 'outcome': 'Failure'}]",-1.08,-81.0
28-07-2025,NIFTY 28 JUL 25 24750 PE,PE,24750.0,100.0,10:38:00 IST,10:50:00 IST,153.62,152.25,133.62,-0.89,Failure,TIME_DECAY,[],"[{'date': '2025-07-28', 'trade id': '2025-07-28_458', 'time ist': '10:38:00 IST', 'event': 'BUY PE', 'symbol': 'NIFTY 28 JUL 25 24750 PE', 'option_type': 'PE', 'price': 153.62, 'trailing_sl': 133.62, 'rsi': 32.6, 'oi': 2480475, 'outcome': ''}, {'date': '2025-07-28', 'trade id': '2025-07-28_458', 'time ist': '10:50:00 IST', 'event': 'SELL', 'symbol': 'NIFTY 28 JUL 25 24750 PE', 'option_type': 'PE', 'price': 152.25, 'trailing_sl': 133.62, 'rsi': 32.7, 'oi': 2193150, 'outcome': 'Failure'}]",-1.37,-102.75
29-07-2025,NIFTY 29 JUL 25 24750 PE,PE,24750.0,100.0,10:38:00 IST,10:50:00 IST,153.62,152.25,133.62,-0.89,Failure,TIME_DECAY,[],"[{'date': '2025-07-29', 'trade id': '2025-07-29_83', 'time ist': '10:38:00 IST', 'event': 'BUY PE', 'symbol': 'NIFTY 29 JUL 25 24750 PE', 'option_type': 'PE', 'price': 153.62, 'trailing_sl': 133.62, 'rsi': 32.9, 'oi': 2480475, 'outcome': ''}, {'date': '2025-07-29', 'trade id': '2025-07-29_83', 'time ist': '10:50:00 IST', 'event': 'SELL', 'symbol': 'NIFTY 29 JUL 25 24750 PE', 'option_type': 'PE', 'price': 152.25, 'trailing_sl': 133.62, 'rsi': 32.8, 'oi': 2193150, 'outcome': 'Failure'}]",-1.37,-102.75
28-07-2025,NIFTY 28 JUL 25 24850 PE,PE,24850.0,90.0,12:57:00 IST,13:45:00 IST,167.0,207.15,207.15,24.04,Success,stop_loss_hit,[],"[{'date': '2025-07-28', 'trade id': '2025-07-28_222', 'time ist': '12:57:00 IST', 'event': 'BUY PE', 'symbol': 'NIFTY 28 JUL 25 24850 PE', 'option_type': 'PE', 'price': 167.0, 'trailing_sl': 147.0, 'rsi': 35.7, 'oi': 2863050, 'outcome': ''}, {'date': '2025-07-28', 'trade id': '2025-07-28_222', 'time ist': '13:45:00 IST', 'event': 'SELL', 'symbol': 'NIFTY 28 JUL 25 24850 PE', 'option_type': 'PE', 'price': 207.15, 'trailing_sl': 207.15, 'rsi': 36.0, 'oi': 2152200, 'outcome': 'Success'}]",40.15,3011.25
01-07-2025,NIFTY 1 JUL 25 25500 PE,PE,25500.0,90.0,13:41:00 IST,13:53:00 IST,132.87,131.65,112.87,-0.92,Failure,TIME_DECAY,[],"[{'date': '2025-07-01', 'trade id': '2025-07-01_641', 'time ist': '13:41:00 IST', 'event': 'BUY PE', 'symbol': 'NIFTY 1 JUL 25 25500 PE', 'option_type': 'PE', 'price': 132.87, 'trailing_sl': 112.87, 'rsi': 34.0, 'oi': 9807225, 'outcome': ''}, {'date': '2025-07-01', 'trade id': '2025-07-01_641', 'time ist': '13:53:00 IST', 'event': 'SELL', 'symbol': 'NIFTY 1 JUL 25 25500 PE', 'option_type': 'PE', 'price': 131.65, 'trailing_sl': 112.87, 'rsi': 42.9, 'oi': 9757200, 'outcome': 'Failure'}]",-1.22,-91.5
02-07-2025,NIFTY 2 JUL 25 25500 PE,PE,25500.0,90.0,13:41:00 IST,13:53:00 IST,132.87,131.65,112.87,-0.92,Failure,TIME_DECAY,[],"[{'date': '2025-07-02', 'trade id': '2025-07-02_266', 'time ist': '13:41:00 IST', 'event': 'BUY PE', 'symbol': 'NIFTY 2 JUL 25 25500 PE', 'option_type': 'PE', 'price': 132.87, 'trailing_sl': 112.87, 'rsi': 34.0, 'oi': 9807225, 'outcome': ''}, {'date': '2025-07-02', 'trade id': '2025-07-02_266', 'time ist': '13:53:00 IST', 'event': 'SELL', 'symbol': 'NIFTY 2 JUL 25 25500 PE', 'option_type': 'PE', 'price': 131.65, 'trailing_sl': 112.87, 'rsi': 42.9, 'oi': 9757200, 'outcome': 'Failure'}]",-1.22,-91.5
09-07-2025,NIFTY 9 JUL 25 25350 CE,CE,25350.0,85.0,09:17:00 IST,09:18:00 IST,144.08,142.65,124.08,-0.99,Failure,stop_loss_hit,[],"[{'date': '2025-07-09', 'trade id': '2025-07-09_377', 'time ist': '09:17:00 IST', 'event': 'BUY CE', 'symbol': 'NIFTY 9 JUL 25 25350 CE', 'option_type': 'CE', 'price': 144.08, 'trailing_sl': 124.08, 'rsi': 53.2, 'oi': 855525, 'outcome': ''}, {'date': '2025-07-09', 'trade id': '2025-07-09_377', 'time ist': '09:18:00 IST', 'event': 'SELL', 'symbol': 'NIFTY 9 JUL 25 25350 CE', 'option_type': 'CE', 'price': 142.65, 'trailing_sl': 124.08, 'rsi': 66.1, 'oi': 855525, 'outcome': 'Failure'}]",-1.43,-107.25
10-07-2025,NIFTY 10 JUL 25 25300 PE,PE,25300.0,100.0,11:11:00 IST,11:12:00 IST,186.75,184.9,166.75,-0.99,Failure,stop_loss_hit,[],"[{'date': '2025-07-10', 'trade id': '2025-07-10_491', 'time ist': '11:11:00 IST', 'event': 'BUY PE', 'symbol': 'NIFTY 10 JUL 25 25300 PE', 'option_type': 'PE', 'price': 186.75, 'trailing_sl': 166.75, 'rsi': 35.5, 'oi': 3931200, 'outcome': ''}, {'date': '2025-07-10', 'trade id': '2025-07-10_491', 'time ist': '11:12:00 IST', 'event': 'SELL', 'symbol': 'NIFTY 10 JUL 25 25300 PE', 'option_type': 'PE', 'price': 184.9, 'trailing_sl': 166.75, 'rsi': 44.7, 'oi': 3931200, 'outcome': 'Failure'}]",-1.85,-138.75
23-07-2025,NIFTY 23 JUL 25 24950 CE,CE,24950.0,85.0,13:32:00 IST,13:55:00 IST,112.26,138.4,138.4,23.29,Success,stop_loss_hit,[],"[{'date': '2025-07-23', 'trade id': '2025-07-23_632', 'time ist': '13:32:00 IST', 'event': 'BUY CE', 'symbol': 'NIFTY 23 JUL 25 24950 CE', 'option_type': 'CE', 'price': 112.26, 'trailing_sl': 92.26, 'rsi': 47.7, 'oi': 1431600, 'outcome': ''}, {'date': '2025-07-23', 'trade id': '2025-07-23_632', 'time ist': '13:55:00 IST', 'event': 'SELL', 'symbol': 'NIFTY 23 JUL 25 24950 CE', 'option_type': 'CE', 'price': 138.4, 'trailing_sl': 138.4, 'rsi': 64.6, 'oi': 1103700, 'outcome': 'Success'}]",26.14,1960.5
11-07-2025,NIFTY 11 JUL 25 25300 PE,PE,25300.0,100.0,11:11:00 IST,11:12:00 IST,186.75,184.9,166.75,-0.99,Failure,stop_loss_hit,[],"[{'date': '2025-07-11', 'trade id': '2025-07-11_116', 'time ist': '11:11:00 IST', 'event': 'BUY PE', 'symbol': 'NIFTY 11 JUL 25 25300 PE', 'option_type': 'PE', 'price': 186.75, 'trailing_sl': 166.75, 'rsi': 35.5, 'oi': 3931200, 'outcome': ''}, {'date': '2025-07-11', 'trade id': '2025-07-11_116', 'time ist': '11:12:00 IST', 'event': 'SELL', 'symbol': 'NIFTY 11 JUL 25 25300 PE', 'option_type': 'PE', 'price': 184.9, 'trailing_sl': 166.75, 'rsi': 44.7, 'oi': 3931200, 'outcome': 'Failure'}]",-1.85,-138.75
24-07-2025,NIFTY 24 JUL 25 24950 CE,CE,24950.0,85.0,13:32:00 IST,13:55:00 IST,112.26,138.4,138.4,23.29,Success,stop_loss_hit,[],"[{'date': '2025-07-24', 'trade id': '2025-07-24_257', 'time ist': '13:32:00 IST', 'event': 'BUY CE', 'symbol': 'NIFTY 24 JUL 25 24950 CE', 'option_type': 'CE', 'price': 112.26, 'trailing_sl': 92.26, 'rsi': 47.7, 'oi': 1431600, 'outcome': ''}, {'date': '2025-07-24', 'trade id': '2025-07-24_257', 'time ist': '13:55:00 IST', 'event': 'SELL', 'symbol': 'NIFTY 24 JUL 25 24950 CE', 'option_type': 'CE', 'price': 138.4, 'trailing_sl': 138.4, 'rsi': 64.6, 'oi': 1103700, 'outcome': 'Success'}]",26.14,1960.5
15-07-2025,NIFTY 15 JUL 25 25050 CE,CE,25050.0,100.0,11:43:00 IST,11:55:00 IST,134.63,159.4,159.4,18.4,Success,stop_loss_hit,[],"[{'date': '2025-07-15', 'trade id': '2025-07-15_523', 'time ist': '11:43:00 IST', 'event': 'BUY CE', 'symbol': 'NIFTY 15 JUL 25 25050 CE', 'option_type': 'CE', 'price': 134.63, 'trailing_sl': 114.63, 'rsi': 63.0, 'oi': 1851975, 'outcome': ''}, {'date': '2025-07-15', 'trade id': '2025-07-15_523', 'time ist': '11:55:00 IST', 'event': 'SELL', 'symbol': 'NIFTY 15 JUL 25 25050 CE', 'option_type': 'CE', 'price': 159.4, 'trailing_sl': 159.4, 'rsi': 90.0, 'oi': 1452450, 'outcome': 'Success'}]",24.77,1857.75
14-07-2025,NIFTY 14 JUL 25 25100 CE,CE,25100.0,100.0,11:11:00 IST,11:14:00 IST,188.16,186.3,168.16,-0.99,Failure,stop_loss_hit,[],"[{'date': '2025-07-14', 'trade id': '2025-07-14_491', 'time ist': '11:11:00 IST', 'event': 'BUY CE', 'symbol': 'NIFTY 14 JUL 25 25100 CE', 'option_type': 'CE', 'price': 188.16, 'trailing_sl': 168.16, 'rsi': 66.9, 'oi': 4319775, 'outcome': ''}, {'date': '2025-07-14', 'trade id': '2025-07-14_491', 'time ist': '11:14:00 IST', 'event': 'SELL', 'symbol': 'NIFTY 14 JUL 25 25100 CE', 'option_type': 'CE', 'price': 186.3, 'trailing_sl': 168.16, 'rsi': 61.1, 'oi': 4319775, 'outcome': 'Failure'}]",-1.86,-139.5
16-07-2025,NIFTY 16 JUL 25 25050 CE,CE,25050.0,100.0,11:43:00 IST,11:55:00 IST,134.63,159.4,159.4,18.4,Success,stop_loss_hit,[],"[{'date': '2025-07-16', 'trade id': '2025-07-16_148', 'time ist': '11:43:00 IST', 'event': 'BUY CE', 'symbol': 'NIFTY 16 JUL 25 25050 CE', 'option_type': 'CE', 'price': 134.63, 'trailing_sl': 114.63, 'rsi': 63.0, 'oi': 1851975, 'outcome': ''}, {'date': '2025-07-16', 'trade id': '2025-07-16_148', 'time ist': '11:55:00 IST', 'event': 'SELL', 'symbol': 'NIFTY 16 JUL 25 25050 CE', 'option_type': 'CE', 'price': 159.4, 'trailing_sl': 159.4, 'rsi': 90.0, 'oi': 1452450, 'outcome': 'Success'}]",24.77,1857.75
23-07-2025,NIFTY 23 JUL 25 25300 PE,PE,25300.0,85.0,09:21:00 IST,10:30:00 IST,105.55,121.6,121.6,15.21,Success,stop_loss_hit,[],"[{'date': '2025-07-23', 'trade id': '2025-07-23_381', 'time ist': '09:21:00 IST', 'event': 'BUY PE', 'symbol': 'NIFTY 23 JUL 25 25300 PE', 'option_type': 'PE', 'price': 105.55, 'trailing_sl': 85.55, 'rsi': 45.4, 'oi': 4101375, 'outcome': ''}, {'date': '2025-07-23', 'trade id': '2025-07-23_381', 'time ist': '10:30:00 IST', 'event': 'SELL', 'symbol': 'NIFTY 23 JUL 25 25300 PE', 'option_type': 'PE', 'price': 121.6, 'trailing_sl': 121.6, 'rsi': 55.4, 'oi': 3615525, 'outcome': 'Success'}]",16.05,1203.75
15-07-2025,NIFTY 15 JUL 25 25100 CE,CE,25100.0,100.0,11:11:00 IST,11:14:00 IST,188.16,186.3,168.16,-0.99,Failure,stop_loss_hit,[],"[{'date': '2025-07-15', 'trade id': '2025-07-15_116', 'time ist': '11:11:00 IST', 'event': 'BUY CE', 'symbol': 'NIFTY 15 JUL 25 25100 CE', 'option_type': 'CE', 'price': 188.16, 'trailing_sl': 168.16, 'rsi': 66.9, 'oi': 4319775, 'outcome': ''}, {'date': '2025-07-15', 'trade id': '2025-07-15_116', 'time ist': '11:14:00 IST', 'event': 'SELL', 'symbol': 'NIFTY 15 JUL 25 25100 CE', 'option_type': 'CE', 'price': 186.3, 'trailing_sl': 168.16, 'rsi': 61.1, 'oi': 4319775, 'outcome': 'Failure'}]",-1.86,-139.5
01-07-2025,NIFTY 1 JUL 25 25550 PE,PE,25550.0,90.0,13:22:00 IST,14:05:00 IST,135.74,155.9,155.9,14.85,Success,stop_loss_hit,[],"[{'date': '2025-07-01', 'trade id': '2025-07-01_622', 'time ist': '13:22:00 IST', 'event': 'BUY PE', 'symbol': 'NIFTY 1 JUL 25 25550 PE', 'option_type': 'PE', 'price': 135.74, 'trailing_sl': 115.74, 'rsi': 18.6, 'oi': 4265100, 'outcome': ''}, {'date': '2025-07-01', 'trade id': '2025-07-01_622', 'time ist': '14:05:00 IST', 'event': 'SELL', 'symbol': 'NIFTY 1 JUL 25 25550 PE', 'option_type': 'PE', 'price': 155.9, 'trailing_sl': 155.9, 'rsi': 49.1, 'oi': 2505075, 'outcome': 'Success'}]",20.16,1512.0
28-07-2025,NIFTY 28 JUL 25 24700 CE,CE,24700.0,85.0,11:02:00 IST,11:04:00 IST,197.4,195.45,177.4,-0.99,Failure,stop_loss_hit,[],"[{'date': '2025-07-28', 'trade id': '2025-07-28_107', 'time ist': '11:02:00 IST', 'event': 'BUY CE', 'symbol': 'NIFTY 28 JUL 25 24700 CE', 'option_type': 'CE', 'price': 197.4, 'trailing_sl': 177.4, 'rsi': 59.8, 'oi': 1716000, 'outcome': ''}, {'date': '2025-07-28', 'trade id': '2025-07-28_107', 'time ist': '11:04:00 IST', 'event': 'SELL', 'symbol': 'NIFTY 28 JUL 25 24700 CE', 'option_type': 'CE', 'price': 195.45, 'trailing_sl': 177.4, 'rsi': 49.5, 'oi': 1716000, 'outcome': 'Failure'}]",-1.95,-146.25
02-07-2025,NIFTY 2 JUL 25 25550 PE,PE,25550.0,90.0,13:22:00 IST,14:05:00 IST,135.74,155.9,155.9,14.85,Success,stop_loss_hit,[],"[{'date': '2025-07-02', 'trade id': '2025-07-02_247', 'time ist': '13:22:00 IST', 'event': 'BUY PE', 'symbol': 'NIFTY 2 JUL 25 25550 PE', 'option_type': 'PE', 'price': 135.74, 'trailing_sl': 115.74, 'rsi': 18.6, 'oi': 4265100, 'outcome': ''}, {'date': '2025-07-02', 'trade id': '2025-07-02_247', 'time ist': '14:05:00 IST', 'event': 'SELL', 'symbol': 'NIFTY 2 JUL 25 25550 PE', 'option_type': 'PE', 'price': 155.9, 'trailing_sl': 155.9, 'rsi': 49.1, 'oi': 2505075, 'outcome': 'Success'}]",20.16,1512.0
09-07-2025,NIFTY 9 JUL 25 25550 PE,PE,25550.0,100.0,09:40:00 IST,10:25:00 IST,120.19,130.8,130.8,8.83,Success,stop_loss_hit,[],"[{'date': '2025-07-09', 'trade id': '2025-07-09_400', 'time ist': '09:40:00 IST', 'event': 'BUY PE', 'symbol': 'NIFTY 9 JUL 25 25550 PE', 'option_type': 'PE', 'price': 120.19, 'trailing_sl': 100.19, 'rsi': 37.1, 'oi': 3169275, 'outcome': ''}, {'date': '2025-07-09', 'trade id': '2025-07-09_400', 'time ist': '10:25:00 IST', 'event': 'SELL', 'symbol': 'NIFTY 9 JUL 25 25550 PE', 'option_type': 'PE', 'price': 130.8, 'trailing_sl': 130.8, 'rsi': 51.1, 'oi': 2473725, 'outcome': 'Success'}]",10.61,795.75
28-07-2025,NIFTY 28 JUL 25 24600 CE,CE,24600.0,100.0,12:40:00 IST,12:43:00 IST,166.6,164.95,146.6,-0.99,Failure,stop_loss_hit,[],"[{'date': '2025-07-28', 'trade id': '2025-07-28_580', 'time ist': '12:40:00 IST', 'event': 'BUY CE', 'symbol': 'NIFTY 28 JUL 25 24600 CE', 'option_type': 'CE', 'price': 166.6, 'trailing_sl': 146.6, 'rsi': 59.7, 'oi': 3158700, 'outcome': ''}, {'date': '2025-07-28', 'trade id': '2025-07-28_580', 'time ist': '12:43:00 IST', 'event': 'SELL', 'symbol': 'NIFTY 28 JUL 25 24600 CE', 'option_type': 'CE', 'price': 164.95, 'trailing_sl': 146.6, 'rsi': 67.1, 'oi': 3158700, 'outcome': 'Failure'}]",-1.65,-123.75
29-07-2025,NIFTY 29 JUL 25 24600 CE,CE,24600.0,100.0,12:40:00 IST,12:43:00 IST,166.6,164.95,146.6,-0.99,Failure,stop_loss_hit,[],"[{'date': '2025-07-29', 'trade id': '2025-07-29_205', 'time ist': '12:40:00 IST', 'event': 'BUY CE', 'symbol': 'NIFTY 29 JUL 25 24600 CE', 'option_type': 'CE', 'price': 166.6, 'trailing_sl': 146.6, 'rsi': 59.7, 'oi': 3158700, 'outcome': ''}, {'date': '2025-07-29', 'trade id': '2025-07-29_205', 'time ist': '12:43:00 IST', 'event': 'SELL', 'symbol': 'NIFTY 29 JUL 25 24600 CE', 'option_type': 'CE', 'price': 164.95, 'trailing_sl': 146.6, 'rsi': 67.1, 'oi': 3158700, 'outcome': 'Failure'}]",-1.65,-123.75
31-07-2025,NIFTY 31 JUL 25 24800 PE,PE,24800.0,100.0,09:26:00 IST,09:33:00 IST,197.4,209.85,177.4,6.31,Success,stop_loss_hit,[],"[{'date': '2025-07-31', 'trade id': '2025-07-31_387', 'time ist': '09:26:00 IST', 'event': 'BUY PE', 'symbol': 'NIFTY 31 JUL 25 24800 PE', 'option_type': 'PE', 'price': 197.4, 'trailing_sl': 177.4, 'rsi': 24.8, 'oi': 4117800, 'outcome': ''}, {'date': '2025-07-31', 'trade id': '2025-07-31_387', 'time ist': '09:33:00 IST', 'event': 'SELL', 'symbol': 'NIFTY 31 JUL 25 24800 PE', 'option_type': 'PE', 'price': 209.85, 'trailing_sl': 177.4, 'rsi': 37.4, 'oi': 4139775, 'outcome': 'Success'}]",12.45,933.75
09-07-2025,NIFTY 9 JUL 25 25500 PE,PE,25500.0,90.0,10:57:00 IST,12:20:00 IST,114.94,120.0,120.0,4.4,Success,stop_loss_hit,[],"[{'date': '2025-07-09', 'trade id': '2025-07-09_477', 'time ist': '10:57:00 IST', 'event': 'BUY PE', 'symbol': 'NIFTY 9 JUL 25 25500 PE', 'option_type': 'PE', 'price': 114.94, 'trailing_sl': 94.94, 'rsi': 26.3, 'oi': 8467050, 'outcome': ''}, {'date': '2025-07-09', 'trade id': '2025-07-09_477', 'time ist': '12:20:00 IST', 'event': 'SELL', 'symbol': 'NIFTY 9 JUL 25 25500 PE', 'option_type': 'PE', 'price': 120.0, 'trailing_sl': 120.0, 'rsi': 63.0, 'oi': 6828000, 'outcome': 'Success'}]",5.06,379.5
10-07-2025,NIFTY 10 JUL 25 25500 PE,PE,25500.0,90.0,10:57:00 IST,12:20:00 IST,114.94,120.0,120.0,4.4,Success,stop_loss_hit,[],"[{'date': '2025-07-10', 'trade id': '2025-07-10_102', 'time ist': '10:57:00 IST', 'event': 'BUY PE', 'symbol': 'NIFTY 10 JUL 25 25500 PE', 'option_type': 'PE', 'price': 114.94, 'trailing_sl': 94.94, 'rsi': 26.3, 'oi': 8467050, 'outcome': ''}, {'date': '2025-07-10', 'trade id': '2025-07-10_102', 'time ist': '12:20:00 IST', 'event': 'SELL', 'symbol': 'NIFTY 10 JUL 25 25500 PE', 'option_type': 'PE', 'price': 120.0, 'trailing_sl': 120.0, 'rsi': 63.0, 'oi': 6828000, 'outcome': 'Success'}]",5.06,379.5
22-07-2025,NIFTY 22 JUL 25 25000 CE,CE,25000.0,85.0,12:21:00 IST,12:33:00 IST,148.37,151.55,128.37,2.14,Success,TIME_DECAY,[],"[{'date': '2025-07-22', 'trade id': '2025-07-22_186', 'time ist': '12:21:00 IST', 'event': 'BUY CE', 'symbol': 'NIFTY 22 JUL 25 25000 CE', 'option_type': 'CE', 'price': 148.37, 'trailing_sl': 128.37, 'rsi': 60.5, 'oi': 6624150, 'outcome': ''}, {'date': '2025-07-22', 'trade id': '2025-07-22_186', 'time ist': '12:33:00 IST', 'event': 'SELL', 'symbol': 'NIFTY 22 JUL 25 25000 CE', 'option_type': 'CE', 'price': 151.55, 'trailing_sl': 128.37, 'rsi': 76.2, 'oi': 6132000, 'outcome': 'Success'}]",3.18,238.5
04-07-2025,NIFTY 4 JUL 25 25300 CE,CE,25300.0,85.0,10:47:00 IST,10:59:00 IST,218.97,223.05,198.97,1.86,Success,TIME_DECAY,[],"[{'date': '2025-07-04', 'trade id': '2025-07-04_92', 'time ist': '10:47:00 IST', 'event': 'BUY CE', 'symbol': 'NIFTY 4 JUL 25 25300 CE', 'option_type': 'CE', 'price': 218.97, 'trailing_sl': 198.97, 'rsi': 46.9, 'oi': 1657425, 'outcome': ''}, {'date': '2025-07-04', 'trade id': '2025-07-04_92', 'time ist': '10:59:00 IST', 'event': 'SELL', 'symbol': 'NIFTY 4 JUL 25 25300 CE', 'option_type': 'CE', 'price': 223.05, 'trailing_sl': 198.97, 'rsi': 54.5, 'oi': 1696725, 'outcome': 'Success'}]",4.08,306.0
24-07-2025,NIFTY 24 JUL 25 24950 PE,PE,24950.0,100.0,12:02:00 IST,12:14:00 IST,178.42,176.0,158.42,-1.36,Failure,TIME_DECAY,[],"[{'date': '2025-07-24', 'trade id': '2025-07-24_542', 'time ist': '12:02:00 IST', 'event': 'BUY PE', 'symbol': 'NIFTY 24 JUL 25 24950 PE', 'option_type': 'PE', 'price': 178.42, 'trailing_sl': 158.42, 'rsi': 37.3, 'oi': 2337150, 'outcome': ''}, {'date': '2025-07-24', 'trade id': '2025-07-24_542', 'time ist': '12:14:00 IST', 'event': 'SELL', 'symbol': 'NIFTY 24 JUL 25 24950 PE', 'option_type': 'PE', 'price': 176.0, 'trailing_sl': 158.42, 'rsi': 49.1, 'oi': 2305950, 'outcome': 'Failure'}]",-2.42,-181.5
16-07-2025,NIFTY 16 JUL 25 25300 PE,PE,25300.0,100.0,09:43:00 IST,09:55:00 IST,113.42,115.4,93.42,1.75,Success,TIME_DECAY,[],"[{'date': '2025-07-16', 'trade id': '2025-07-16_403', 'time ist': '09:43:00 IST', 'event': 'BUY PE', 'symbol': 'NIFTY 16 JUL 25 25300 PE', 'option_type': 'PE', 'price': 113.42, 'trailing_sl': 93.42, 'rsi': 48.0, 'oi': 4404675, 'outcome': ''}, {'date': '2025-07-16', 'trade id': '2025-07-16_403', 'time ist': '09:55:00 IST', 'event': 'SELL', 'symbol': 'NIFTY 16 JUL 25 25300 PE', 'option_type': 'PE', 'price': 115.4, 'trailing_sl': 93.42, 'rsi': 49.4, 'oi': 4695525, 'outcome': 'Success'}]",1.98,148.5
25-07-2025,NIFTY 25 JUL 25 24950 PE,PE,24950.0,100.0,12:02:00 IST,12:14:00 IST,178.42,176.0,158.42,-1.36,Failure,TIME_DECAY,[],"[{'date': '2025-07-25', 'trade id': '2025-07-25_167', 'time ist': '12:02:00 IST', 'event': 'BUY PE', 'symbol': 'NIFTY 25 JUL 25 24950 PE', 'option_type': 'PE', 'price': 178.42, 'trailing_sl': 158.42, 'rsi': 37.3, 'oi': 2337150, 'outcome': ''}, {'date': '2025-07-25', 'trade id': '2025-07-25_167', 'time ist': '12:14:00 IST', 'event': 'SELL', 'symbol': 'NIFTY 25 JUL 25 24950 PE', 'option_type': 'PE', 'price': 176.0, 'trailing_sl': 158.42, 'rsi': 49.1, 'oi': 2305950, 'outcome': 'Failure'}]",-2.42,-181.5
14-07-2025,NIFTY 14 JUL 25 24950 CE,CE,24950.0,85.0,12:18:00 IST,12:30:00 IST,187.35,184.75,167.35,-1.39,Failure,TIME_DECAY,[],"[{'date': '2025-07-14', 'trade id': '2025-07-14_183', 'time ist': '12:18:00 IST', 'event': 'BUY CE', 'symbol': 'NIFTY 14 JUL 25 24950 CE', 'option_type': 'CE', 'price': 187.35, 'trailing_sl': 167.35, 'rsi': 59.8, 'oi': 507075, 'outcome': ''}, {'date': '2025-07-14', 'trade id': '2025-07-14_183', 'time ist': '12:30:00 IST', 'event': 'SELL', 'symbol': 'NIFTY 14 JUL 25 24950 CE', 'option_type': 'CE', 'price': 184.75, 'trailing_sl': 167.35, 'rsi': 49.4, 'oi': 490125, 'outcome': 'Failure'}]",-2.6,-195.0
03-07-2025,NIFTY 3 JUL 25 25250 CE,CE,25250.0,85.0,12:35:00 IST,12:47:00 IST,212.55,208.6,192.55,-1.86,Failure,TIME_DECAY,[],"[{'date': '2025-07-03', 'trade id': '2025-07-03_575', 'time ist': '12:35:00 IST', 'event': 'BUY CE', 'symbol': 'NIFTY 3 JUL 25 25250 CE', 'option_type': 'CE', 'price': 212.55, 'trailing_sl': 192.55, 'rsi': 62.5, 'oi': 432900, 'outcome': ''}, {'date': '2025-07-03', 'trade id': '2025-07-03_575', 'time ist': '12:47:00 IST', 'event': 'SELL', 'symbol': 'NIFTY 3 JUL 25 25250 CE', 'option_type': 'CE', 'price': 208.6, 'trailing_sl': 192.55, 'rsi': 50.2, 'oi': 443925, 'outcome': 'Failure'}]",-3.95,-296.25
09-07-2025,NIFTY 9 JUL 25 25300 CE,CE,25300.0,85.0,12:26:00 IST,12:38:00 IST,117.51,119.55,97.51,1.74,Success,TIME_DECAY,[],"[{'date': '2025-07-09', 'trade id': '2025-07-09_566', 'time ist': '12:26:00 IST', 'event': 'BUY CE', 'symbol': 'NIFTY 9 JUL 25 25300 CE', 'option_type': 'CE', 'price': 117.51, 'trailing_sl': 97.51, 'rsi': 67.3, 'oi': 5419500, 'outcome': ''}, {'date': '2025-07-09', 'trade id': '2025-07-09_566', 'time ist': '12:38:00 IST', 'event': 'SELL', 'symbol': 'NIFTY 9 JUL 25 25300 CE', 'option_type': 'CE', 'price': 119.55, 'trailing_sl': 97.51, 'rsi': 67.0, 'oi': 4561350, 'outcome': 'Success'}]",2.04,153.0
04-07-2025,NIFTY 4 JUL 25 25250 CE,CE,25250.0,85.0,12:35:00 IST,12:47:00 IST,212.55,208.6,192.55,-1.86,Failure,TIME_DECAY,[],"[{'date': '2025-07-04', 'trade id': '2025-07-04_200', 'time ist': '12:35:00 IST', 'event': 'BUY CE', 'symbol': 'NIFTY 4 JUL 25 25250 CE', 'option_type': 'CE', 'price': 212.55, 'trailing_sl': 192.55, 'rsi': 62.5, 'oi': 432900, 'outcome': ''}, {'date': '2025-07-04', 'trade id': '2025-07-04_200', 'time ist': '12:47:00 IST', 'event': 'SELL', 'symbol': 'NIFTY 4 JUL 25 25250 CE', 'option_type': 'CE', 'price': 208.6, 'trailing_sl': 192.55, 'rsi': 50.2, 'oi': 443925, 'outcome': 'Failure'}]",-3.95,-296.25
17-07-2025,NIFTY 17 JUL 25 25200 PE,PE,25200.0,100.0,09:21:00 IST,09:33:00 IST,178.27,174.45,158.27,-2.14,Failure,TIME_DECAY,[],"[{'date': '2025-07-17', 'trade id': '2025-07-17_381', 'time ist': '09:21:00 IST', 'event': 'BUY PE', 'symbol': 'NIFTY 17 JUL 25 25200 PE', 'option_type': 'PE', 'price': 178.27, 'trailing_sl': 158.27, 'rsi': 38.5, 'oi': 4285800, 'outcome': ''}, {'date': '2025-07-17', 'trade id': '2025-07-17_381', 'time ist': '09:33:00 IST', 'event': 'SELL', 'symbol': 'NIFTY 17 JUL 25 25200 PE', 'option_type': 'PE', 'price': 174.45, 'trailing_sl': 158.27, 'rsi': 41.2, 'oi': 4168650, 'outcome': 'Failure'}]",-3.82,-286.5
17-07-2025,NIFTY 17 JUL 25 25150 PE,PE,25150.0,90.0,09:47:00 IST,09:59:00 IST,167.86,163.8,147.86,-2.42,Failure,TIME_DECAY,[],"[{'date': '2025-07-17', 'trade id': '2025-07-17_407', 'time ist': '09:47:00 IST', 'event': 'BUY PE', 'symbol': 'NIFTY 17 JUL 25 25150 PE', 'option_type': 'PE', 'price': 167.86, 'trailing_sl': 147.86, 'rsi': 23.3, 'oi': 2212725, 'outcome': ''}, {'date': '2025-07-17', 'trade id': '2025-07-17_407', 'time ist': '09:59:00 IST', 'event': 'SELL', 'symbol': 'NIFTY 17 JUL 25 25150 PE', 'option_type': 'PE', 'price': 163.8, 'trailing_sl': 147.86, 'rsi': 37.1, 'oi': 2092725, 'outcome': 'Failure'}]",-4.06,-304.5
21-07-2025,NIFTY 21 JUL 25 25150 PE,PE,25150.0,85.0,12:32:00 IST,12:44:00 IST,149.48,145.55,129.48,-2.63,Failure,TIME_DECAY,[],"[{'date': '2025-07-21', 'trade id': '2025-07-21_197', 'time ist': '12:32:00 IST', 'event': 'BUY PE', 'symbol': 'NIFTY 21 JUL 25 25150 PE', 'option_type': 'PE', 'price': 149.48, 'trailing_sl': 129.48, 'rsi': 45.2, 'oi': 1189200, 'outcome': ''}, {'date': '2025-07-21', 'trade id': '2025-07-21_197', 'time ist': '12:44:00 IST', 'event': 'SELL', 'symbol': 'NIFTY 21 JUL 25 25150 PE', 'option_type': 'PE', 'price': 145.55, 'trailing_sl': 129.48, 'rsi': 52.1, 'oi': 1174425, 'outcome': 'Failure'}]",-3.93,-294.75
14-07-2025,NIFTY 14 JUL 25 25200 PE,PE,25200.0,95.0,10:32:00 IST,10:44:00 IST,163.01,158.7,143.01,-2.64,Failure,TIME_DECAY,[],"[{'date': '2025-07-14', 'trade id': '2025-07-14_77', 'time ist': '10:32:00 IST', 'event': 'BUY PE', 'symbol': 'NIFTY 14 JUL 25 25200 PE', 'option_type': 'PE', 'price': 163.01, 'trailing_sl': 143.01, 'rsi': 36.8, 'oi': 4696125, 'outcome': ''}, {'date': '2025-07-14', 'trade id': '2025-07-14_77', 'time ist': '10:44:00 IST', 'event': 'SELL', 'symbol': 'NIFTY 14 JUL 25 25200 PE', 'option_type': 'PE', 'price': 158.7, 'trailing_sl': 143.01, 'rsi': 43.0, 'oi': 4465650, 'outcome': 'Failure'}]",-4.31,-323.25
28-07-2025,NIFTY 28 JUL 25 24900 PE,PE,24900.0,95.0,12:10:00 IST,12:22:00 IST,164.28,159.6,144.28,-2.85,Failure,TIME_DECAY,[],"[{'date': '2025-07-28', 'trade id': '2025-07-28_175', 'time ist': '12:10:00 IST', 'event': 'BUY PE', 'symbol': 'NIFTY 28 JUL 25 24900 PE', 'option_type': 'PE', 'price': 164.28, 'trailing_sl': 144.28, 'rsi': 41.4, 'oi': 4506150, 'outcome': ''}, {'date': '2025-07-28', 'trade id': '2025-07-28_175', 'time ist': '12:22:00 IST', 'event': 'SELL', 'symbol': 'NIFTY 28 JUL 25 24900 PE', 'option_type': 'PE', 'price': 159.6, 'trailing_sl': 144.28, 'rsi': 41.6, 'oi': 4485600, 'outcome': 'Failure'}]",-4.68,-351.0
10-07-2025,NIFTY 10 JUL 25 25050 CE,CE,25050.0,85.0,13:51:00 IST,14:03:00 IST,220.84,214.05,200.84,-3.07,Failure,TIME_DECAY,[],"[{'date': '2025-07-10', 'trade id': '2025-07-10_651', 'time ist': '13:51:00 IST', 'event': 'BUY CE', 'symbol': 'NIFTY 10 JUL 25 25050 CE', 'option_type': 'CE', 'price': 220.84, 'trailing_sl': 200.84, 'rsi': 59.1, 'oi': 334575, 'outcome': ''}, {'date': '2025-07-10', 'trade id': '2025-07-10_651', 'time ist': '14:03:00 IST', 'event': 'SELL', 'symbol': 'NIFTY 10 JUL 25 25050 CE', 'option_type': 'CE', 'price': 214.05, 'trailing_sl': 200.84, 'rsi': 51.8, 'oi': 313650, 'outcome': 'Failure'}]",-6.79,-509.25
11-07-2025,NIFTY 11 JUL 25 25050 CE,CE,25050.0,85.0,13:51:00 IST,14:03:00 IST,220.84,214.05,200.84,-3.07,Failure,TIME_DECAY,[],"[{'date': '2025-07-11', 'trade id': '2025-07-11_276', 'time ist': '13:51:00 IST', 'event': 'BUY CE', 'symbol': 'NIFTY 11 JUL 25 25050 CE', 'option_type': 'CE', 'price': 220.84, 'trailing_sl': 200.84, 'rsi': 59.1, 'oi': 334575, 'outcome': ''}, {'date': '2025-07-11', 'trade id': '2025-07-11_276', 'time ist': '14:03:00 IST', 'event': 'SELL', 'symbol': 'NIFTY 11 JUL 25 25050 CE', 'option_type': 'CE', 'price': 214.05, 'trailing_sl': 200.84, 'rsi': 51.8, 'oi': 313650, 'outcome': 'Failure'}]",-6.79,-509.25
03-07-2025,NIFTY 3 JUL 25 25600 PE,PE,25600.0,90.0,13:59:00 IST,14:11:00 IST,122.82,118.45,102.82,-3.56,Failure,TIME_DECAY,[],"[{'date': '2025-07-03', 'trade id': '2025-07-03_284', 'time ist': '13:59:00 IST', 'event': 'BUY PE', 'symbol': 'NIFTY 3 JUL 25 25600 PE', 'option_type': 'PE', 'price': 122.82, 'trailing_sl': 102.82, 'rsi': 37.1, 'oi': 4466850, 'outcome': ''}, {'date': '2025-07-03', 'trade id': '2025-07-03_284', 'time ist': '14:11:00 IST', 'event': 'SELL', 'symbol': 'NIFTY 3 JUL 25 25600 PE', 'option_type': 'PE', 'price': 118.45, 'trailing_sl': 102.82, 'rsi': 42.8, 'oi': 4296225, 'outcome': 'Failure'}]",-4.37,-327.75
10-07-2025,NIFTY 10 JUL 25 25300 CE,CE,25300.0,85.0,12:26:00 IST,12:38:00 IST,117.51,119.55,97.51,1.74,Success,TIME_DECAY,[],"[{'date': '2025-07-10', 'trade id': '2025-07-10_191', 'time ist': '12:26:00 IST', 'event': 'BUY CE', 'symbol': 'NIFTY 10 JUL 25 25300 CE', 'option_type': 'CE', 'price': 117.51, 'trailing_sl': 97.51, 'rsi': 67.3, 'oi': 5419500, 'outcome': ''}, {'date': '2025-07-10', 'trade id': '2025-07-10_191', 'time ist': '12:38:00 IST', 'event': 'SELL', 'symbol': 'NIFTY 10 JUL 25 25300 CE', 'option_type': 'CE', 'price': 119.55, 'trailing_sl': 97.51, 'rsi': 67.0, 'oi': 4561350, 'outcome': 'Success'}]",2.04,153.0
31-07-2025,NIFTY 31 JUL 25 24750 PE,PE,24750.0,85.0,12:42:00 IST,12:54:00 IST,207.3,199.6,187.3,-3.71,Failure,TIME_DECAY,[],"[{'date': '2025-07-31', 'trade id': '2025-07-31_583', 'time ist': '12:42:00 IST', 'event': 'BUY PE', 'symbol': 'NIFTY 31 JUL 25 24750 PE', 'option_type': 'PE', 'price': 207.3, 'trailing_sl': 187.3, 'rsi': 43.1, 'oi': 2771400, 'outcome': ''}, {'date': '2025-07-31', 'trade id': '2025-07-31_583', 'time ist': '12:54:00 IST', 'event': 'SELL', 'symbol': 'NIFTY 31 JUL 25 24750 PE', 'option_type': 'PE', 'price': 199.6, 'trailing_sl': 187.3, 'rsi': 48.3, 'oi': 2453025, 'outcome': 'Failure'}]",-7.7,-577.5
07-07-2025,NIFTY 7 JUL 25 25350 CE,CE,25350.0,85.0,10:53:00 IST,11:05:00 IST,199.12,202.55,179.12,1.72,Success,TIME_DECAY,[],"[{'date': '2025-07-07', 'trade id': '2025-07-07_98', 'time ist': '10:53:00 IST', 'event': 'BUY CE', 'symbol': 'NIFTY 7 JUL 25 25350 CE', 'option_type': 'CE', 'price': 199.12, 'trailing_sl': 179.12, 'rsi': 59.5, 'oi': 1324425, 'outcome': ''}, {'date': '2025-07-07', 'trade id': '2025-07-07_98', 'time ist': '11:05:00 IST', 'event': 'SELL', 'symbol': 'NIFTY 7 JUL 25 25350 CE', 'option_type': 'CE', 'price': 202.55, 'trailing_sl': 179.12, 'rsi': 58.2, 'oi': 1311075, 'outcome': 'Success'}]",3.43,257.25
17-07-2025,NIFTY 17 JUL 25 24850 CE,CE,24850.0,100.0,13:00:00 IST,13:06:00 IST,221.14,212.9,201.14,-3.73,Failure,stop_loss_hit,[],"[{'date': '2025-07-17', 'trade id': '2025-07-17_600', 'time ist': '13:00:00 IST', 'event': 'BUY CE', 'symbol': 'NIFTY 17 JUL 25 24850 CE', 'option_type': 'CE', 'price': 221.14, 'trailing_sl': 201.14, 'rsi': 63.8, 'oi': 413475, 'outcome': ''}, {'date': '2025-07-17', 'trade id': '2025-07-17_600', 'time ist': '13:06:00 IST', 'event': 'SELL', 'symbol': 'NIFTY 17 JUL 25 24850 CE', 'option_type': 'CE', 'price': 212.9, 'trailing_sl': 201.14, 'rsi': 51.8, 'oi': 430575, 'outcome': 'Failure'}]",-8.24,-618.0
31-07-2025,NIFTY 31 JUL 25 24650 CE,CE,24650.0,100.0,10:27:00 IST,10:39:00 IST,223.21,226.4,203.21,1.43,Success,TIME_DECAY,[],"[{'date': '2025-07-31', 'trade id': '2025-07-31_448', 'time ist': '10:27:00 IST', 'event': 'BUY CE', 'symbol': 'NIFTY 31 JUL 25 24650 CE', 'option_type': 'CE', 'price': 223.21, 'trailing_sl': 203.21, 'rsi': 62.5, 'oi': 1116750, 'outcome': ''}, {'date': '2025-07-31', 'trade id': '2025-07-31_448', 'time ist': '10:39:00 IST', 'event': 'SELL', 'symbol': 'NIFTY 31 JUL 25 24650 CE', 'option_type': 'CE', 'price': 226.4, 'trailing_sl': 203.21, 'rsi': 60.3, 'oi': 854700, 'outcome': 'Success'}]",3.19,239.25
18-07-2025,NIFTY 18 JUL 25 24850 CE,CE,24850.0,100.0,13:00:00 IST,13:06:00 IST,221.14,212.9,201.14,-3.73,Failure,stop_loss_hit,[],"[{'date': '2025-07-18', 'trade id': '2025-07-18_225', 'time ist': '13:00:00 IST', 'event': 'BUY CE', 'symbol': 'NIFTY 18 JUL 25 24850 CE', 'option_type': 'CE', 'price': 221.14, 'trailing_sl': 201.14, 'rsi': 63.8, 'oi': 413475, 'outcome': ''}, {'date': '2025-07-18', 'trade id': '2025-07-18_225', 'time ist': '13:06:00 IST', 'event': 'SELL', 'symbol': 'NIFTY 18 JUL 25 24850 CE', 'option_type': 'CE', 'price': 212.9, 'trailing_sl': 201.14, 'rsi': 51.8, 'oi': 430575, 'outcome': 'Failure'}]",-8.24,-618.0
17-07-2025,NIFTY 17 JUL 25 25250 PE,PE,25250.0,100.0,14:30:00 IST,14:42:00 IST,111.91,107.65,91.91,-3.81,Failure,TIME_DECAY,[],"[{'date': '2025-07-17', 'trade id': '2025-07-17_315', 'time ist': '14:30:00 IST', 'event': 'BUY PE', 'symbol': 'NIFTY 17 JUL 25 25250 PE', 'option_type': 'PE', 'price': 111.91, 'trailing_sl': 91.91, 'rsi': 29.7, 'oi': 2493825, 'outcome': ''}, {'date': '2025-07-17', 'trade id': '2025-07-17_315', 'time ist': '14:42:00 IST', 'event': 'SELL', 'symbol': 'NIFTY 17 JUL 25 25250 PE', 'option_type': 'PE', 'price': 107.65, 'trailing_sl': 91.91, 'rsi': 42.1, 'oi': 2417400, 'outcome': 'Failure'}]",-4.26,-319.5
11-07-2025,NIFTY 11 JUL 25 25400 PE,PE,25400.0,85.0,10:00:00 IST,10:12:00 IST,194.43,186.95,174.43,-3.85,Failure,TIME_DECAY,[],"[{'date': '2025-07-11', 'trade id': '2025-07-11_45', 'time ist': '10:00:00 IST', 'event': 'BUY PE', 'symbol': 'NIFTY 11 JUL 25 25400 PE', 'option_type': 'PE', 'price': 194.43, 'trailing_sl': 174.43, 'rsi': 44.9, 'oi': 4505400, 'outcome': ''}, {'date': '2025-07-11', 'trade id': '2025-07-11_45', 'time ist': '10:12:00 IST', 'event': 'SELL', 'symbol': 'NIFTY 11 JUL 25 25400 PE', 'option_type': 'PE', 'price': 186.95, 'trailing_sl': 174.43, 'rsi': 37.6, 'oi': 4467900, 'outcome': 'Failure'}]",-7.48,-561.0
24-07-2025,NIFTY 24 JUL 25 25000 PE,PE,25000.0,95.0,11:18:00 IST,11:21:00 IST,189.48,181.75,169.48,-4.08,Failure,stop_loss_hit,[],"[{'date': '2025-07-24', 'trade id': '2025-07-24_498', 'time ist': '11:18:00 IST', 'event': 'BUY PE', 'symbol': 'NIFTY 24 JUL 25 25000 PE', 'option_type': 'PE', 'price': 189.48, 'trailing_sl': 169.48, 'rsi': 39.2, 'oi': 8047650, 'outcome': ''}, {'date': '2025-07-24', 'trade id': '2025-07-24_498', 'time ist': '11:21:00 IST', 'event': 'SELL', 'symbol': 'NIFTY 24 JUL 25 25000 PE', 'option_type': 'PE', 'price': 181.75, 'trailing_sl': 169.48, 'rsi': 58.2, 'oi': 8007150, 'outcome': 'Failure'}]",-7.73,-579.75
25-07-2025,NIFTY 25 JUL 25 25000 PE,PE,25000.0,95.0,11:18:00 IST,11:21:00 IST,189.48,181.75,169.48,-4.08,Failure,stop_loss_hit,[],"[{'date': '2025-07-25', 'trade id': '2025-07-25_123', 'time ist': '11:18:00 IST', 'event': 'BUY PE', 'symbol': 'NIFTY 25 JUL 25 25000 PE', 'option_type': 'PE', 'price': 189.48, 'trailing_sl': 169.48, 'rsi': 39.2, 'oi': 8047650, 'outcome': ''}, {'date': '2025-07-25', 'trade id': '2025-07-25_123', 'time ist': '11:21:00 IST', 'event': 'SELL', 'symbol': 'NIFTY 25 JUL 25 25000 PE', 'option_type': 'PE', 'price': 181.75, 'trailing_sl': 169.48, 'rsi': 58.2, 'oi': 8007150, 'outcome': 'Failure'}]",-7.73,-579.75
14-07-2025,NIFTY 14 JUL 25 25150 PE,PE,25150.0,90.0,11:34:00 IST,11:46:00 IST,162.36,155.7,142.36,-4.1,Failure,TIME_DECAY,[],"[{'date': '2025-07-14', 'trade id': '2025-07-14_139', 'time ist': '11:34:00 IST', 'event': 'BUY PE', 'symbol': 'NIFTY 14 JUL 25 25150 PE', 'option_type': 'PE', 'price': 162.36, 'trailing_sl': 142.36, 'rsi': 39.6, 'oi': 2568825, 'outcome': ''}, {'date': '2025-07-14', 'trade id': '2025-07-14_139', 'time ist': '11:46:00 IST', 'event': 'SELL', 'symbol': 'NIFTY 14 JUL 25 25150 PE', 'option_type': 'PE', 'price': 155.7, 'trailing_sl': 142.36, 'rsi': 41.3, 'oi': 2266725, 'outcome': 'Failure'}]",-6.66,-499.5
03-07-2025,NIFTY 3 JUL 25 25300 CE,CE,25300.0,85.0,09:27:00 IST,09:30:00 IST,231.8,221.3,211.8,-4.53,Failure,stop_loss_hit,[],"[{'date': '2025-07-03', 'trade id': '2025-07-03_387', 'time ist': '09:27:00 IST', 'event': 'BUY CE', 'symbol': 'NIFTY 3 JUL 25 25300 CE', 'option_type': 'CE', 'price': 231.8, 'trailing_sl': 211.8, 'rsi': 60.7, 'oi': 1041825, 'outcome': ''}, {'date': '2025-07-03', 'trade id': '2025-07-03_387', 'time ist': '09:30:00 IST', 'event': 'SELL', 'symbol': 'NIFTY 3 JUL 25 25300 CE', 'option_type': 'CE', 'price': 221.3, 'trailing_sl': 211.8, 'rsi': 53.6, 'oi': 1089075, 'outcome': 'Failure'}]",-10.5,-787.5
08-07-2025,NIFTY 8 JUL 25 25600 PE,PE,25600.0,85.0,09:18:00 IST,09:30:00 IST,133.72,127.25,113.72,-4.84,Failure,TIME_DECAY,[],"[{'date': '2025-07-08', 'trade id': '2025-07-08_378', 'time ist': '09:18:00 IST', 'event': 'BUY PE', 'symbol': 'NIFTY 8 JUL 25 25600 PE', 'option_type': 'PE', 'price': 133.72, 'trailing_sl': 113.72, 'rsi': 34.8, 'oi': 2652675, 'outcome': ''}, {'date': '2025-07-08', 'trade id': '2025-07-08_378', 'time ist': '09:30:00 IST', 'event': 'SELL', 'symbol': 'NIFTY 8 JUL 25 25600 PE', 'option_type': 'PE', 'price': 127.25, 'trailing_sl': 113.72, 'rsi': 38.3, 'oi': 3427800, 'outcome': 'Failure'}]",-6.47,-485.25
23-07-2025,NIFTY 23 JUL 25 25150 PE,PE,25150.0,90.0,12:02:00 IST,12:14:00 IST,123.72,117.45,103.72,-5.07,Failure,TIME_DECAY,[],"[{'date': '2025-07-23', 'trade id': '2025-07-23_542', 'time ist': '12:02:00 IST', 'event': 'BUY PE', 'symbol': 'NIFTY 23 JUL 25 25150 PE', 'option_type': 'PE', 'price': 123.72, 'trailing_sl': 103.72, 'rsi': 18.8, 'oi': 6402225, 'outcome': ''}, {'date': '2025-07-23', 'trade id': '2025-07-23_542', 'time ist': '12:14:00 IST', 'event': 'SELL', 'symbol': 'NIFTY 23 JUL 25 25150 PE', 'option_type': 'PE', 'price': 117.45, 'trailing_sl': 103.72, 'rsi': 41.7, 'oi': 5191050, 'outcome': 'Failure'}]",-6.27,-470.25
24-07-2025,NIFTY 24 JUL 25 25150 PE,PE,25150.0,90.0,12:02:00 IST,12:14:00 IST,123.72,117.45,103.72,-5.07,Failure,TIME_DECAY,[],"[{'date': '2025-07-24', 'trade id': '2025-07-24_167', 'time ist': '12:02:00 IST', 'event': 'BUY PE', 'symbol': 'NIFTY 24 JUL 25 25150 PE', 'option_type': 'PE', 'price': 123.72, 'trailing_sl': 103.72, 'rsi': 18.8, 'oi': 6402225, 'outcome': ''}, {'date': '2025-07-24', 'trade id': '2025-07-24_167', 'time ist': '12:14:00 IST', 'event': 'SELL', 'symbol': 'NIFTY 24 JUL 25 25150 PE', 'option_type': 'PE', 'price': 117.45, 'trailing_sl': 103.72, 'rsi': 41.7, 'oi': 5191050, 'outcome': 'Failure'}]",-6.27,-470.25
14-07-2025,NIFTY 14 JUL 25 25000 CE,CE,25000.0,100.0,09:59:00 IST,10:06:00 IST,200.03,189.6,180.03,-5.21,Failure,stop_loss_hit,[],"[{'date': '2025-07-14', 'trade id': '2025-07-14_44', 'time ist': '09:59:00 IST', 'event': 'BUY CE', 'symbol': 'NIFTY 14 JUL 25 25000 CE', 'option_type': 'CE', 'price': 200.03, 'trailing_sl': 180.03, 'rsi': 65.5, 'oi': 2989575, 'outcome': ''}, {'date': '2025-07-14', 'trade id': '2025-07-14_44', 'time ist': '10:06:00 IST', 'event': 'SELL', 'symbol': 'NIFTY 14 JUL 25 25000 CE', 'option_type': 'CE', 'price': 189.6, 'trailing_sl': 180.03, 'rsi': 46.7, 'oi': 2915100, 'outcome': 'Failure'}]",-10.43,-782.25
21-07-2025,NIFTY 21 JUL 25 25000 CE,CE,25000.0,100.0,09:26:00 IST,09:38:00 IST,169.33,159.85,149.33,-5.6,Failure,stop_loss_hit,[],"[{'date': '2025-07-21', 'trade id': '2025-07-21_386', 'time ist': '09:26:00 IST', 'event': 'BUY CE', 'symbol': 'NIFTY 21 JUL 25 25000 CE', 'option_type': 'CE', 'price': 169.33, 'trailing_sl': 149.33, 'rsi': 55.1, 'oi': 4623975, 'outcome': ''}, {'date': '2025-07-21', 'trade id': '2025-07-21_386', 'time ist': '09:38:00 IST', 'event': 'SELL', 'symbol': 'NIFTY 21 JUL 25 25000 CE', 'option_type': 'CE', 'price': 159.85, 'trailing_sl': 149.33, 'rsi': 47.8, 'oi': 5104800, 'outcome': 'Failure'}]",-9.48,-711.0
21-07-2025,NIFTY 21 JUL 25 24950 CE,CE,24950.0,100.0,10:33:00 IST,10:45:00 IST,194.63,183.6,174.63,-5.67,Failure,TIME_DECAY,[],"[{'date': '2025-07-21', 'trade id': '2025-07-21_78', 'time ist': '10:33:00 IST', 'event': 'BUY CE', 'symbol': 'NIFTY 21 JUL 25 24950 CE', 'option_type': 'CE', 'price': 194.63, 'trailing_sl': 174.63, 'rsi': 62.5, 'oi': 1918350, 'outcome': ''}, {'date': '2025-07-21', 'trade id': '2025-07-21_78', 'time ist': '10:45:00 IST', 'event': 'SELL', 'symbol': 'NIFTY 21 JUL 25 24950 CE', 'option_type': 'CE', 'price': 183.6, 'trailing_sl': 174.63, 'rsi': 51.0, 'oi': 1896375, 'outcome': 'Failure'}]",-11.03,-827.25
24-07-2025,NIFTY 24 JUL 25 24750 CE,CE,24750.0,100.0,12:46:00 IST,12:58:00 IST,207.25,195.0,187.25,-5.91,Failure,TIME_DECAY,[],"[{'date': '2025-07-24', 'trade id': '2025-07-24_586', 'time ist': '12:46:00 IST', 'event': 'BUY CE', 'symbol': 'NIFTY 24 JUL 25 24750 CE', 'option_type': 'CE', 'price': 207.25, 'trailing_sl': 187.25, 'rsi': 63.5, 'oi': 493950, 'outcome': ''}, {'date': '2025-07-24', 'trade id': '2025-07-24_586', 'time ist': '12:58:00 IST', 'event': 'SELL', 'symbol': 'NIFTY 24 JUL 25 24750 CE', 'option_type': 'CE', 'price': 195.0, 'trailing_sl': 187.25, 'rsi': 50.2, 'oi': 480825, 'outcome': 'Failure'}]",-12.25,-918.75
01-07-2025,NIFTY 1 JUL 25 25600 PE,PE,25600.0,100.0,10:49:00 IST,11:01:00 IST,139.03,140.65,119.03,1.17,Success,TIME_DECAY,[],"[{'date': '2025-07-01', 'trade id': '2025-07-01_469', 'time ist': '10:49:00 IST', 'event': 'BUY PE', 'symbol': 'NIFTY 1 JUL 25 25600 PE', 'option_type': 'PE', 'price': 139.03, 'trailing_sl': 119.03, 'rsi': 43.1, 'oi': 6335700, 'outcome': ''}, {'date': '2025-07-01', 'trade id': '2025-07-01_469', 'time ist': '11:01:00 IST', 'event': 'SELL', 'symbol': 'NIFTY 1 JUL 25 25600 PE', 'option_type': 'PE', 'price': 140.65, 'trailing_sl': 119.03, 'rsi': 42.8, 'oi': 6322275, 'outcome': 'Success'}]",1.62,121.5
02-07-2025,NIFTY 2 JUL 25 25600 PE,PE,25600.0,100.0,10:49:00 IST,11:01:00 IST,139.03,140.65,119.03,1.17,Success,TIME_DECAY,[],"[{'date': '2025-07-02', 'trade id': '2025-07-02_94', 'time ist': '10:49:00 IST', 'event': 'BUY PE', 'symbol': 'NIFTY 2 JUL 25 25600 PE', 'option_type': 'PE', 'price': 139.03, 'trailing_sl': 119.03, 'rsi': 43.0, 'oi': 6335700, 'outcome': ''}, {'date': '2025-07-02', 'trade id': '2025-07-02_94', 'time ist': '11:01:00 IST', 'event': 'SELL', 'symbol': 'NIFTY 2 JUL 25 25600 PE', 'option_type': 'PE', 'price': 140.65, 'trailing_sl': 119.03, 'rsi': 42.7, 'oi': 6322275, 'outcome': 'Success'}]",1.62,121.5
07-07-2025,NIFTY 7 JUL 25 25550 PE,PE,25550.0,85.0,11:48:00 IST,12:00:00 IST,173.16,174.8,153.16,0.95,Success,TIME_DECAY,[],"[{'date': '2025-07-07', 'trade id': '2025-07-07_153', 'time ist': '11:48:00 IST', 'event': 'BUY PE', 'symbol': 'NIFTY 7 JUL 25 25550 PE', 'option_type': 'PE', 'price': 173.16, 'trailing_sl': 153.16, 'rsi': 30.1, 'oi': 1420275, 'outcome': ''}, {'date': '2025-07-07', 'trade id': '2025-07-07_153', 'time ist': '12:00:00 IST', 'event': 'SELL', 'symbol': 'NIFTY 7 JUL 25 25550 PE', 'option_type': 'PE', 'price': 174.8, 'trailing_sl': 153.16, 'rsi': 42.3, 'oi': 1404450, 'outcome': 'Success'}]",1.64,123.0
25-07-2025,NIFTY 25 JUL 25 24750 CE,CE,24750.0,100.0,12:46:00 IST,12:58:00 IST,207.25,195.0,187.25,-5.91,Failure,TIME_DECAY,[],"[{'date': '2025-07-25', 'trade id': '2025-07-25_211', 'time ist': '12:46:00 IST', 'event': 'BUY CE', 'symbol': 'NIFTY 25 JUL 25 24750 CE', 'option_type': 'CE', 'price': 207.25, 'trailing_sl': 187.25, 'rsi': 63.5, 'oi': 493950, 'outcome': ''}, {'date': '2025-07-25', 'trade id': '2025-07-25_211', 'time ist': '12:58:00 IST', 'event': 'SELL', 'symbol': 'NIFTY 25 JUL 25 24750 CE', 'option_type': 'CE', 'price': 195.0, 'trailing_sl': 187.25, 'rsi': 50.2, 'oi': 480825, 'outcome': 'Failure'}]",-12.25,-918.75
24-07-2025,NIFTY 24 JUL 25 25300 PE,PE,25300.0,85.0,09:50:00 IST,10:02:00 IST,131.15,132.2,111.15,0.8,Success,TIME_DECAY,[],"[{'date': '2025-07-24', 'trade id': '2025-07-24_35', 'time ist': '09:50:00 IST', 'event': 'BUY PE', 'symbol': 'NIFTY 24 JUL 25 25300 PE', 'option_type': 'PE', 'price': 131.15, 'trailing_sl': 111.15, 'rsi': 31.8, 'oi': 4335900, 'outcome': ''}, {'date': '2025-07-24', 'trade id': '2025-07-24_35', 'time ist': '10:02:00 IST', 'event': 'SELL', 'symbol': 'NIFTY 24 JUL 25 25300 PE', 'option_type': 'PE', 'price': 132.2, 'trailing_sl': 111.15, 'rsi': 42.2, 'oi': 4118550, 'outcome': 'Success'}]",1.05,78.75
08-07-2025,NIFTY 8 JUL 25 25650 PE,PE,25650.0,95.0,11:45:00 IST,13:20:00 IST,128.17,129.17,129.17,0.78,Success,stop_loss_hit,[],"[{'date': '2025-07-08', 'trade id': '2025-07-08_525', 'time ist': '11:45:00 IST', 'event': 'BUY PE', 'symbol': 'NIFTY 8 JUL 25 25650 PE', 'option_type': 'PE', 'price': 128.17, 'trailing_sl': 108.17, 'rsi': 40.4, 'oi': 1683825, 'outcome': ''}, {'date': '2025-07-08', 'trade id': '2025-07-08_525', 'time ist': '13:20:00 IST', 'event': 'SELL', 'symbol': 'NIFTY 8 JUL 25 25650 PE', 'option_type': 'PE', 'price': 129.17, 'trailing_sl': 129.17, 'rsi': 49.3, 'oi': 1377000, 'outcome': 'Success'}]",1.0,75.0
09-07-2025,NIFTY 9 JUL 25 25650 PE,PE,25650.0,95.0,11:45:00 IST,13:20:00 IST,128.17,129.17,129.17,0.78,Success,stop_loss_hit,[],"[{'date': '2025-07-09', 'trade id': '2025-07-09_150', 'time ist': '11:45:00 IST', 'event': 'BUY PE', 'symbol': 'NIFTY 9 JUL 25 25650 PE', 'option_type': 'PE', 'price': 128.17, 'trailing_sl': 108.17, 'rsi': 40.4, 'oi': 1683825, 'outcome': ''}, {'date': '2025-07-09', 'trade id': '2025-07-09_150', 'time ist': '13:20:00 IST', 'event': 'SELL', 'symbol': 'NIFTY 9 JUL 25 25650 PE', 'option_type': 'PE', 'price': 129.17, 'trailing_sl': 129.17, 'rsi': 49.3, 'oi': 1377000, 'outcome': 'Success'}]",1.0,75.0
03-07-2025,NIFTY 3 JUL 25 25500 PE,PE,25500.0,85.0,09:38:00 IST,09:50:00 IST,205.18,190.15,185.18,-7.33,Failure,TIME_DECAY,[],"[{'date': '2025-07-03', 'trade id': '2025-07-03_398', 'time ist': '09:38:00 IST', 'event': 'BUY PE', 'symbol': 'NIFTY 3 JUL 25 25500 PE', 'option_type': 'PE', 'price': 205.18, 'trailing_sl': 185.18, 'rsi': 41.9, 'oi': 6220125, 'outcome': ''}, {'date': '2025-07-03', 'trade id': '2025-07-03_398', 'time ist': '09:50:00 IST', 'event': 'SELL', 'symbol': 'NIFTY 3 JUL 25 25500 PE', 'option_type': 'PE', 'price': 190.15, 'trailing_sl': 185.18, 'rsi': 46.1, 'oi': 5981775, 'outcome': 'Failure'}]",-15.03,-1127.25
22-07-2025,NIFTY 22 JUL 25 25050 CE,CE,25050.0,100.0,12:33:00 IST,12:50:00 IST,145.94,146.94,146.94,0.69,Success,stop_loss_hit,[],"[{'date': '2025-07-22', 'trade id': '2025-07-22_573', 'time ist': '12:33:00 IST', 'event': 'BUY CE', 'symbol': 'NIFTY 22 JUL 25 25050 CE', 'option_type': 'CE', 'price': 145.94, 'trailing_sl': 125.94, 'rsi': 61.3, 'oi': 2590425, 'outcome': ''}, {'date': '2025-07-22', 'trade id': '2025-07-22_573', 'time ist': '12:50:00 IST', 'event': 'SELL', 'symbol': 'NIFTY 22 JUL 25 25050 CE', 'option_type': 'CE', 'price': 146.94, 'trailing_sl': 146.94, 'rsi': 50.7, 'oi': 2349525, 'outcome': 'Success'}]",1.0,75.0
23-07-2025,NIFTY 23 JUL 25 25050 CE,CE,25050.0,100.0,12:33:00 IST,12:50:00 IST,145.94,146.94,146.94,0.69,Success,stop_loss_hit,[],"[{'date': '2025-07-23', 'trade id': '2025-07-23_198', 'time ist': '12:33:00 IST', 'event': 'BUY CE', 'symbol': 'NIFTY 23 JUL 25 25050 CE', 'option_type': 'CE', 'price': 145.94, 'trailing_sl': 125.94, 'rsi': 61.3, 'oi': 2590425, 'outcome': ''}, {'date': '2025-07-23', 'trade id': '2025-07-23_198', 'time ist': '12:50:00 IST', 'event': 'SELL', 'symbol': 'NIFTY 23 JUL 25 25050 CE', 'option_type': 'CE', 'price': 146.94, 'trailing_sl': 146.94, 'rsi': 50.7, 'oi': 2349525, 'outcome': 'Success'}]",1.0,75.0
24-07-2025,NIFTY 24 JUL 25 25200 PE,PE,25200.0,90.0,11:32:00 IST,11:44:00 IST,106.56,98.5,86.56,-7.56,Failure,TIME_DECAY,[],"[{'date': '2025-07-24', 'trade id': '2025-07-24_137', 'time ist': '11:32:00 IST', 'event': 'BUY PE', 'symbol': 'NIFTY 24 JUL 25 25200 PE', 'option_type': 'PE', 'price': 106.56, 'trailing_sl': 86.56, 'rsi': 35.6, 'oi': 9792075, 'outcome': ''}, {'date': '2025-07-24', 'trade id': '2025-07-24_137', 'time ist': '11:44:00 IST', 'event': 'SELL', 'symbol': 'NIFTY 24 JUL 25 25200 PE', 'option_type': 'PE', 'price': 98.5, 'trailing_sl': 86.56, 'rsi': 32.8, 'oi': 9094200, 'outcome': 'Failure'}]",-8.06,-604.5
22-07-2025,NIFTY 22 JUL 25 25150 PE,PE,25150.0,100.0,11:19:00 IST,11:31:00 IST,136.91,126.3,116.91,-7.75,Failure,TIME_DECAY,[],"[{'date': '2025-07-22', 'trade id': '2025-07-22_124', 'time ist': '11:19:00 IST', 'event': 'BUY PE', 'symbol': 'NIFTY 22 JUL 25 25150 PE', 'option_type': 'PE', 'price': 136.91, 'trailing_sl': 116.91, 'rsi': 34.1, 'oi': 3320700, 'outcome': ''}, {'date': '2025-07-22', 'trade id': '2025-07-22_124', 'time ist': '11:31:00 IST', 'event': 'SELL', 'symbol': 'NIFTY 22 JUL 25 25150 PE', 'option_type': 'PE', 'price': 126.3, 'trailing_sl': 116.91, 'rsi': 41.7, 'oi': 3141525, 'outcome': 'Failure'}]",-10.61,-795.75
22-07-2025,NIFTY 22 JUL 25 25100 CE,CE,25100.0,100.0,14:21:00 IST,14:33:00 IST,128.78,129.6,108.78,0.64,Success,TIME_DECAY,[],"[{'date': '2025-07-22', 'trade id': '2025-07-22_681', 'time ist': '14:21:00 IST', 'event': 'BUY CE', 'symbol': 'NIFTY 22 JUL 25 25100 CE', 'option_type': 'CE', 'price': 128.78, 'trailing_sl': 108.78, 'rsi': 65.1, 'oi': 6419400, 'outcome': ''}, {'date': '2025-07-22', 'trade id': '2025-07-22_681', 'time ist': '14:33:00 IST', 'event': 'SELL', 'symbol': 'NIFTY 22 JUL 25 25100 CE', 'option_type': 'CE', 'price': 129.6, 'trailing_sl': 108.78, 'rsi': 57.6, 'oi': 6269025, 'outcome': 'Success'}]",0.82,61.5
24-07-2025,NIFTY 24 JUL 25 24700 CE,CE,24700.0,85.0,13:26:00 IST,13:33:00 IST,229.07,210.0,209.07,-8.32,Failure,stop_loss_hit,[],"[{'date': '2025-07-24', 'trade id': '2025-07-24_626', 'time ist': '13:26:00 IST', 'event': 'BUY CE', 'symbol': 'NIFTY 24 JUL 25 24700 CE', 'option_type': 'CE', 'price': 229.07, 'trailing_sl': 209.07, 'rsi': 56.4, 'oi': 854100, 'outcome': ''}, {'date': '2025-07-24', 'trade id': '2025-07-24_626', 'time ist': '13:33:00 IST', 'event': 'SELL', 'symbol': 'NIFTY 24 JUL 25 24700 CE', 'option_type': 'CE', 'price': 210.0, 'trailing_sl': 209.07, 'rsi': 44.4, 'oi': 885225, 'outcome': 'Failure'}]",-19.07,-1430.25
25-07-2025,NIFTY 25 JUL 25 24700 CE,CE,24700.0,85.0,13:26:00 IST,13:33:00 IST,229.07,210.0,209.07,-8.32,Failure,stop_loss_hit,[],"[{'date': '2025-07-25', 'trade id': '2025-07-25_251', 'time ist': '13:26:00 IST', 'event': 'BUY CE', 'symbol': 'NIFTY 25 JUL 25 24700 CE', 'option_type': 'CE', 'price': 229.07, 'trailing_sl': 209.07, 'rsi': 56.4, 'oi': 854100, 'outcome': ''}, {'date': '2025-07-25', 'trade id': '2025-07-25_251', 'time ist': '13:33:00 IST', 'event': 'SELL', 'symbol': 'NIFTY 25 JUL 25 24700 CE', 'option_type': 'CE', 'price': 210.0, 'trailing_sl': 209.07, 'rsi': 44.4, 'oi': 885225, 'outcome': 'Failure'}]",-19.07,-1430.25
15-07-2025,NIFTY 15 JUL 25 25250 PE,PE,25250.0,90.0,09:27:00 IST,09:31:00 IST,130.19,119.0,110.19,-8.6,Failure,stop_loss_hit,[],"[{'date': '2025-07-15', 'trade id': '2025-07-15_387', 'time ist': '09:27:00 IST', 'event': 'BUY PE', 'symbol': 'NIFTY 15 JUL 25 25250 PE', 'option_type': 'PE', 'price': 130.19, 'trailing_sl': 110.19, 'rsi': 23.7, 'oi': 2472375, 'outcome': ''}, {'date': '2025-07-15', 'trade id': '2025-07-15_387', 'time ist': '09:31:00 IST', 'event': 'SELL', 'symbol': 'NIFTY 15 JUL 25 25250 PE', 'option_type': 'PE', 'price': 119.0, 'trailing_sl': 110.19, 'rsi': 34.8, 'oi': 2706075, 'outcome': 'Failure'}]",-11.19,-839.25
10-07-2025,NIFTY 10 JUL 25 25400 PE,PE,25400.0,95.0,09:17:00 IST,09:25:00 IST,184.93,168.0,164.93,-9.15,Failure,stop_loss_hit,[],"[{'date': '2025-07-10', 'trade id': '2025-07-10_377', 'time ist': '09:17:00 IST', 'event': 'BUY PE', 'symbol': 'NIFTY 10 JUL 25 25400 PE', 'option_type': 'PE', 'price': 184.93, 'trailing_sl': 164.93, 'rsi': 27.9, 'oi': 3511875, 'outcome': ''}, {'date': '2025-07-10', 'trade id': '2025-07-10_377', 'time ist': '09:25:00 IST', 'event': 'SELL', 'symbol': 'NIFTY 10 JUL 25 25400 PE', 'option_type': 'PE', 'price': 168.0, 'trailing_sl': 164.93, 'rsi': 38.7, 'oi': 4023225, 'outcome': 'Failure'}]",-16.93,-1269.75
17-07-2025,NIFTY 17 JUL 25 25300 PE,PE,25300.0,95.0,12:24:00 IST,12:43:00 IST,113.37,102.8,93.37,-9.32,Failure,stop_loss_hit,[],"[{'date': '2025-07-17', 'trade id': '2025-07-17_189', 'time ist': '12:24:00 IST', 'event': 'BUY PE', 'symbol': 'NIFTY 17 JUL 25 25300 PE', 'option_type': 'PE', 'price': 113.37, 'trailing_sl': 93.37, 'rsi': 37.8, 'oi': 4057950, 'outcome': ''}, {'date': '2025-07-17', 'trade id': '2025-07-17_189', 'time ist': '12:43:00 IST', 'event': 'SELL', 'symbol': 'NIFTY 17 JUL 25 25300 PE', 'option_type': 'PE', 'price': 102.8, 'trailing_sl': 93.37, 'rsi': 64.6, 'oi': 3622650, 'outcome': 'Failure'}]",-10.57,-792.75
01-07-2025,NIFTY 1 JUL 25 25650 PE,PE,25650.0,90.0,10:17:00 IST,10:29:00 IST,166.3,150.65,146.3,-9.41,Failure,TIME_DECAY,[],"[{'date': '2025-07-01', 'trade id': '2025-07-01_62', 'time ist': '10:17:00 IST', 'event': 'BUY PE', 'symbol': 'NIFTY 1 JUL 25 25650 PE', 'option_type': 'PE', 'price': 166.3, 'trailing_sl': 146.3, 'rsi': 36.0, 'oi': 2128050, 'outcome': ''}, {'date': '2025-07-01', 'trade id': '2025-07-01_62', 'time ist': '10:29:00 IST', 'event': 'SELL', 'symbol': 'NIFTY 1 JUL 25 25650 PE', 'option_type': 'PE', 'price': 150.65, 'trailing_sl': 146.3, 'rsi': 53.9, 'oi': 2160000, 'outcome': 'Failure'}]",-15.65,-1173.75
23-07-2025,NIFTY 23 JUL 25 25200 PE,PE,25200.0,100.0,10:06:00 IST,10:18:00 IST,124.48,112.4,104.48,-9.7,Failure,TIME_DECAY,[],"[{'date': '2025-07-23', 'trade id': '2025-07-23_51', 'time ist': '10:06:00 IST', 'event': 'BUY PE', 'symbol': 'NIFTY 23 JUL 25 25200 PE', 'option_type': 'PE', 'price': 124.48, 'trailing_sl': 104.48, 'rsi': 38.0, 'oi': 5200875, 'outcome': ''}, {'date': '2025-07-23', 'trade id': '2025-07-23_51', 'time ist': '10:18:00 IST', 'event': 'SELL', 'symbol': 'NIFTY 23 JUL 25 25200 PE', 'option_type': 'PE', 'price': 112.4, 'trailing_sl': 104.48, 'rsi': 47.2, 'oi': 5265000, 'outcome': 'Failure'}]",-12.08,-906.0
21-07-2025,NIFTY 21 JUL 25 25200 PE,PE,25200.0,95.0,09:59:00 IST,10:11:00 IST,138.17,124.6,118.17,-9.82,Failure,TIME_DECAY,[],"[{'date': '2025-07-21', 'trade id': '2025-07-21_419', 'time ist': '09:59:00 IST', 'event': 'BUY PE', 'symbol': 'NIFTY 21 JUL 25 25200 PE', 'option_type': 'PE', 'price': 138.17, 'trailing_sl': 118.17, 'rsi': 34.8, 'oi': 4581825, 'outcome': ''}, {'date': '2025-07-21', 'trade id': '2025-07-21_419', 'time ist': '10:11:00 IST', 'event': 'SELL', 'symbol': 'NIFTY 21 JUL 25 25200 PE', 'option_type': 'PE', 'price': 124.6, 'trailing_sl': 118.17, 'rsi': 47.1, 'oi': 4373250, 'outcome': 'Failure'}]",-13.57,-1017.75
22-07-2025,NIFTY 22 JUL 25 25200 PE,PE,25200.0,95.0,09:59:00 IST,10:11:00 IST,138.17,124.6,118.17,-9.82,Failure,TIME_DECAY,[],"[{'date': '2025-07-22', 'trade id': '2025-07-22_44', 'time ist': '09:59:00 IST', 'event': 'BUY PE', 'symbol': 'NIFTY 22 JUL 25 25200 PE', 'option_type': 'PE', 'price': 138.17, 'trailing_sl': 118.17, 'rsi': 32.4, 'oi': 4581825, 'outcome': ''}, {'date': '2025-07-22', 'trade id': '2025-07-22_44', 'time ist': '10:11:00 IST', 'event': 'SELL', 'symbol': 'NIFTY 22 JUL 25 25200 PE', 'option_type': 'PE', 'price': 124.6, 'trailing_sl': 118.17, 'rsi': 46.1, 'oi': 4373250, 'outcome': 'Failure'}]",-13.57,-1017.75
30-07-2025,NIFTY 30 JUL 25 24800 CE,CE,24800.0,100.0,13:41:00 IST,13:51:00 IST,141.6,124.25,121.6,-12.25,Failure,stop_loss_hit,[],"[{'date': '2025-07-30', 'trade id': '2025-07-30_641', 'time ist': '13:41:00 IST', 'event': 'BUY CE', 'symbol': 'NIFTY 30 JUL 25 24800 CE', 'option_type': 'CE', 'price': 141.6, 'trailing_sl': 121.6, 'rsi': 61.4, 'oi': 5047725, 'outcome': ''}, {'date': '2025-07-30', 'trade id': '2025-07-30_641', 'time ist': '13:51:00 IST', 'event': 'SELL', 'symbol': 'NIFTY 30 JUL 25 24800 CE', 'option_type': 'CE', 'price': 124.25, 'trailing_sl': 121.6, 'rsi': 42.2, 'oi': 5039025, 'outcome': 'Failure'}]",-17.35,-1301.25
23-07-2025,NIFTY 23 JUL 25 25100 CE,CE,25100.0,100.0,14:21:00 IST,14:33:00 IST,128.78,129.6,108.78,0.64,Success,TIME_DECAY,[],"[{'date': '2025-07-23', 'trade id': '2025-07-23_306', 'time ist': '14:21:00 IST', 'event': 'BUY CE', 'symbol': 'NIFTY 23 JUL 25 25100 CE', 'option_type': 'CE', 'price': 128.78, 'trailing_sl': 108.78, 'rsi': 65.1, 'oi': 6419400, 'outcome': ''}, {'date': '2025-07-23', 'trade id': '2025-07-23_306', 'time ist': '14:33:00 IST', 'event': 'SELL', 'symbol': 'NIFTY 23 JUL 25 25100 CE', 'option_type': 'CE', 'price': 129.6, 'trailing_sl': 108.78, 'rsi': 57.6, 'oi': 6269025, 'outcome': 'Success'}]",0.82,61.5
28-07-2025,NIFTY 28 JUL 25 24800 PE,PE,24800.0,100.0,13:26:00 IST,13:50:00 IST,167.26,168.26,168.26,0.6,Success,stop_loss_hit,[],"[{'date': '2025-07-28', 'trade id': '2025-07-28_251', 'time ist': '13:26:00 IST', 'event': 'BUY PE', 'symbol': 'NIFTY 28 JUL 25 24800 PE', 'option_type': 'PE', 'price': 167.26, 'trailing_sl': 147.26, 'rsi': 37.4, 'oi': 7280550, 'outcome': ''}, {'date': '2025-07-28', 'trade id': '2025-07-28_251', 'time ist': '13:50:00 IST', 'event': 'SELL', 'symbol': 'NIFTY 28 JUL 25 24800 PE', 'option_type': 'PE', 'price': 168.26, 'trailing_sl': 168.26, 'rsi': 50.0, 'oi': 6382575, 'outcome': 'Success'}]",1.0,75.0
31-07-2025,NIFTY 31 JUL 25 24800 CE,CE,24800.0,100.0,13:41:00 IST,13:51:00 IST,141.6,124.25,121.6,-12.25,Failure,stop_loss_hit,[],"[{'date': '2025-07-31', 'trade id': '2025-07-31_266', 'time ist': '13:41:00 IST', 'event': 'BUY CE', 'symbol': 'NIFTY 31 JUL 25 24800 CE', 'option_type': 'CE', 'price': 141.6, 'trailing_sl': 121.6, 'rsi': 61.4, 'oi': 5047725, 'outcome': ''}, {'date': '2025-07-31', 'trade id': '2025-07-31_266', 'time ist': '13:51:00 IST', 'event': 'SELL', 'symbol': 'NIFTY 31 JUL 25 24800 CE', 'option_type': 'CE', 'price': 124.25, 'trailing_sl': 121.6, 'rsi': 42.2, 'oi': 5039025, 'outcome': 'Failure'}]",-17.35,-1301.25
02-07-2025,NIFTY 2 JUL 25 25450 CE,CE,25450.0,100.0,11:17:00 IST,11:29:00 IST,106.05,92.6,86.05,-12.68,Failure,TIME_DECAY,[],"[{'date': '2025-07-02', 'trade id': '2025-07-02_497', 'time ist': '11:17:00 IST', 'event': 'BUY CE', 'symbol': 'NIFTY 2 JUL 25 25450 CE', 'option_type': 'CE', 'price': 106.05, 'trailing_sl': 86.05, 'rsi': 58.1, 'oi': 4345575, 'outcome': ''}, {'date': '2025-07-02', 'trade id': '2025-07-02_497', 'time ist': '11:29:00 IST', 'event': 'SELL', 'symbol': 'NIFTY 2 JUL 25 25450 CE', 'option_type': 'CE', 'price': 92.6, 'trailing_sl': 86.05, 'rsi': 51.8, 'oi': 4182075, 'outcome': 'Failure'}]",-13.45,-1008.75
03-07-2025,NIFTY 3 JUL 25 25450 CE,CE,25450.0,100.0,11:17:00 IST,11:29:00 IST,106.05,92.6,86.05,-12.68,Failure,TIME_DECAY,[],"[{'date': '2025-07-03', 'trade id': '2025-07-03_122', 'time ist': '11:17:00 IST', 'event': 'BUY CE', 'symbol': 'NIFTY 3 JUL 25 25450 CE', 'option_type': 'CE', 'price': 106.05, 'trailing_sl': 86.05, 'rsi': 58.0, 'oi': 4345575, 'outcome': ''}, {'date': '2025-07-03', 'trade id': '2025-07-03_122', 'time ist': '11:29:00 IST', 'event': 'SELL', 'symbol': 'NIFTY 3 JUL 25 25450 CE', 'option_type': 'CE', 'price': 92.6, 'trailing_sl': 86.05, 'rsi': 51.8, 'oi': 4182075, 'outcome': 'Failure'}]",-13.45,-1008.75
16-07-2025,NIFTY 16 JUL 25 25100 CE,CE,25100.0,85.0,11:51:00 IST,12:03:00 IST,132.71,114.75,112.71,-13.53,Failure,TIME_DECAY,[],"[{'date': '2025-07-16', 'trade id': '2025-07-16_156', 'time ist': '11:51:00 IST', 'event': 'BUY CE', 'symbol': 'NIFTY 16 JUL 25 25100 CE', 'option_type': 'CE', 'price': 132.71, 'trailing_sl': 112.71, 'rsi': 73.8, 'oi': 8702100, 'outcome': ''}, {'date': '2025-07-16', 'trade id': '2025-07-16_156', 'time ist': '12:03:00 IST', 'event': 'SELL', 'symbol': 'NIFTY 16 JUL 25 25100 CE', 'option_type': 'CE', 'price': 114.75, 'trailing_sl': 112.71, 'rsi': 63.2, 'oi': 6388050, 'outcome': 'Failure'}]",-17.96,-1347.0
02-07-2025,NIFTY 2 JUL 25 25400 CE,CE,25400.0,85.0,09:17:00 IST,09:20:00 IST,141.15,121.15,121.15,-14.17,Failure,stop_loss_hit,[],"[{'date': '2025-07-02', 'trade id': '2025-07-02_377', 'time ist': '09:17:00 IST', 'event': 'BUY CE', 'symbol': 'NIFTY 2 JUL 25 25400 CE', 'option_type': 'CE', 'price': 141.15, 'trailing_sl': 121.15, 'rsi': 80.3, 'oi': 4492275, 'outcome': ''}, {'date': '2025-07-02', 'trade id': '2025-07-02_377', 'time ist': '09:20:00 IST', 'event': 'SELL', 'symbol': 'NIFTY 2 JUL 25 25400 CE', 'option_type': 'CE', 'price': 121.15, 'trailing_sl': 121.15, 'rsi': 81.1, 'oi': 4957500, 'outcome': 'Failure'}]",-20.0,-1500.0
03-07-2025,NIFTY 3 JUL 25 25400 CE,CE,25400.0,100.0,12:50:00 IST,13:00:00 IST,120.09,101.3,100.09,-15.65,Failure,stop_loss_hit,[],"[{'date': '2025-07-03', 'trade id': '2025-07-03_215', 'time ist': '12:50:00 IST', 'event': 'BUY CE', 'symbol': 'NIFTY 3 JUL 25 25400 CE', 'option_type': 'CE', 'price': 120.09, 'trailing_sl': 100.09, 'rsi': 56.5, 'oi': 4282800, 'outcome': ''}, {'date': '2025-07-03', 'trade id': '2025-07-03_215', 'time ist': '13:00:00 IST', 'event': 'SELL', 'symbol': 'NIFTY 3 JUL 25 25400 CE', 'option_type': 'CE', 'price': 101.3, 'trailing_sl': 100.09, 'rsi': 46.0, 'oi': 4693950, 'outcome': 'Failure'}]",-18.79,-1409.25
08-07-2025,NIFTY 8 JUL 25 25350 CE,CE,25350.0,100.0,12:01:00 IST,12:13:00 IST,159.78,160.4,139.78,0.39,Success,TIME_DECAY,[],"[{'date': '2025-07-08', 'trade id': '2025-07-08_166', 'time ist': '12:01:00 IST', 'event': 'BUY CE', 'symbol': 'NIFTY 8 JUL 25 25350 CE', 'option_type': 'CE', 'price': 159.78, 'trailing_sl': 139.78, 'rsi': 56.9, 'oi': 1595100, 'outcome': ''}, {'date': '2025-07-08', 'trade id': '2025-07-08_166', 'time ist': '12:13:00 IST', 'event': 'SELL', 'symbol': 'NIFTY 8 JUL 25 25350 CE', 'option_type': 'CE', 'price': 160.4, 'trailing_sl': 139.78, 'rsi': 57.5, 'oi': 1563525, 'outcome': 'Success'}]",0.62,46.5
03-07-2025,NIFTY 3 JUL 25 25450 PE,PE,25450.0,90.0,11:47:00 IST,11:59:00 IST,197.35,197.45,177.35,0.05,Success,TIME_DECAY,[],"[{'date': '2025-07-03', 'trade id': '2025-07-03_527', 'time ist': '11:47:00 IST', 'event': 'BUY PE', 'symbol': 'NIFTY 3 JUL 25 25450 PE', 'option_type': 'PE', 'price': 197.35, 'trailing_sl': 177.35, 'rsi': 20.7, 'oi': 2136375, 'outcome': ''}, {'date': '2025-07-03', 'trade id': '2025-07-03_527', 'time ist': '11:59:00 IST', 'event': 'SELL', 'symbol': 'NIFTY 3 JUL 25 25450 PE', 'option_type': 'PE', 'price': 197.45, 'trailing_sl': 177.35, 'rsi': 34.1, 'oi': 2154225, 'outcome': 'Success'}]",0.1,7.5
04-07-2025,NIFTY 4 JUL 25 25450 PE,PE,25450.0,90.0,11:47:00 IST,11:59:00 IST,197.35,197.45,177.35,0.05,Success,TIME_DECAY,[],"[{'date': '2025-07-04', 'trade id': '2025-07-04_152', 'time ist': '11:47:00 IST', 'event': 'BUY PE', 'symbol': 'NIFTY 4 JUL 25 25450 PE', 'option_type': 'PE', 'price': 197.35, 'trailing_sl': 177.35, 'rsi': 20.7, 'oi': 2136375, 'outcome': ''}, {'date': '2025-07-04', 'trade id': '2025-07-04_152', 'time ist': '11:59:00 IST', 'event': 'SELL', 'symbol': 'NIFTY 4 JUL 25 25450 PE', 'option_type': 'PE', 'price': 197.45, 'trailing_sl': 177.35, 'rsi': 34.1, 'oi': 2154225, 'outcome': 'Success'}]",0.1,7.5
09-07-2025,NIFTY 9 JUL 25 25600 PE,PE,25600.0,85.0,13:03:00 IST,13:15:00 IST,111.91,94.0,91.91,-16.0,Failure,TIME_DECAY,[],"[{'date': '2025-07-09', 'trade id': '2025-07-09_228', 'time ist': '13:03:00 IST', 'event': 'BUY PE', 'symbol': 'NIFTY 9 JUL 25 25600 PE', 'option_type': 'PE', 'price': 111.91, 'trailing_sl': 91.91, 'rsi': 36.8, 'oi': 5713650, 'outcome': ''}, {'date': '2025-07-09', 'trade id': '2025-07-09_228', 'time ist': '13:15:00 IST', 'event': 'SELL', 'symbol': 'NIFTY 9 JUL 25 25600 PE', 'option_type': 'PE', 'price': 94.0, 'trailing_sl': 91.91, 'rsi': 51.5, 'oi': 5175975, 'outcome': 'Failure'}]",-17.91,-1343.25
,,,,,,,16485.68,16484.44,,,,,,,-1.24,-93.0
